"Status","Start Time","Stop Time","Duration in ms","Parent Suite","Suite","Sub Suite","Test Class","Test Method","Name","Description"
"passed","Sat Jan 02 20:42:51 CST 2021","Sat Jan 02 20:42:51 CST 2021","8","","testcase","TestSub","","","test_sub[get_sub_datas4]",""
"passed","Sat Jan 02 20:42:51 CST 2021","Sat Jan 02 20:42:51 CST 2021","10","","testcase","TestSub","","","test_sub[get_sub_datas1]",""
"passed","Sat Jan 02 20:42:51 CST 2021","Sat Jan 02 20:42:51 CST 2021","10","","testcase","TestSub","","","test_sub[get_sub_datas3]",""
"passed","Sat Jan 02 20:42:51 CST 2021","Sat Jan 02 20:42:51 CST 2021","7","","testcase","TestMul","","","test_mul[get_mul_datas0]",""
"passed","Sat Jan 02 20:42:51 CST 2021","Sat Jan 02 20:42:51 CST 2021","8","","testcase","TestAdd","","","test_add[get_add_datas1]",""
"passed","Sat Jan 02 20:42:51 CST 2021","Sat Jan 02 20:42:51 CST 2021","8","","testcase","TestDiv","","","test_div[get_div_datas0]",""
"passed","Sat Jan 02 20:42:51 CST 2021","Sat Jan 02 20:42:51 CST 2021","262","","testcase","TestAdd","","","test_add[get_add_datas0]",""
"passed","Sat Jan 02 20:42:51 CST 2021","Sat Jan 02 20:42:51 CST 2021","12","","testcase","TestAdd","","","test_add[get_add_datas4]",""
"failed","Sat Jan 02 20:42:51 CST 2021","Sat Jan 02 20:42:51 CST 2021","-1","","testcase","TestAdd","","","test_add[get_add_datas3]",""
"passed","Sat Jan 02 20:42:51 CST 2021","Sat Jan 02 20:42:51 CST 2021","10","","testcase","TestMul","","","test_mul[get_mul_datas2]",""
"passed","Sat Jan 02 20:42:51 CST 2021","Sat Jan 02 20:42:51 CST 2021","9","","testcase","TestMul","","","test_mul[get_mul_datas3]",""
"passed","Sat Jan 02 20:42:51 CST 2021","Sat Jan 02 20:42:51 CST 2021","8","","testcase","TestDiv","","","test_div[get_div_datas1]",""
"passed","Sat Jan 02 20:43:07 CST 2021","Sat Jan 02 20:43:07 CST 2021","8","","testcase","TestDiv","","","test_div[get_div_datas3]",""
"failed","Sat Jan 02 20:43:07 CST 2021","Sat Jan 02 20:43:07 CST 2021","-2","","testcase","TestDiv","","","test_div[get_div_datas2]",""
"passed","Sat Jan 02 20:42:51 CST 2021","Sat Jan 02 20:42:51 CST 2021","11","","testcase","TestSub","","","test_sub[get_sub_datas0]",""
"passed","Sat Jan 02 20:43:07 CST 2021","Sat Jan 02 20:43:07 CST 2021","8","","testcase","TestDiv","","","test_div[get_div_datas4]",""
"passed","Sat Jan 02 20:42:51 CST 2021","Sat Jan 02 20:42:51 CST 2021","12","","testcase","TestSub","","","test_sub[get_sub_datas2]",""
"passed","Sat Jan 02 20:42:51 CST 2021","Sat Jan 02 20:42:51 CST 2021","8","","testcase","TestMul","","","test_mul[get_mul_datas1]",""
"passed","Sat Jan 02 20:42:51 CST 2021","Sat Jan 02 20:42:51 CST 2021","8","","testcase","TestMul","","","test_mul[get_mul_datas4]",""
"passed","Sat Jan 02 20:42:51 CST 2021","Sat Jan 02 20:42:51 CST 2021","9","","testcase","TestAdd","","","test_add[get_add_datas2]",""
